{
  "cash": 404.15315277368256,
  "portfolio": {
    "AAPL": 297.8961838170254,
    "AMZN": 314.00913188155516
  },
  "total_capital": 1016.0584684722631
}