{
  "cash": 1.1368683772161603e-13,
  "portfolio": {
    "AAPL": 491.70212765957444,
    "AMZN": 518.2978723404254
  },
  "total_capital": 1010.0
}